CDR3,V,J
CASRDNSAETLYF,TRBV13-3,TRBJ2-3
CAWSLTGRGAEQFF,TRBV31,TRBJ2-1
CASSLMSQNTLYF,TRBV29,TRBJ2-4
CAWAGTPSGNTLYF,TRBV31,TRBJ1-3
CASSTEDEQYF,TRBV13-3,TRBJ2-7
CASSKVPGTGVENTLYF,TRBV17,TRBJ2-4
CAWSLGQNSYNSPLYF,TRBV31,TRBJ1-6
CASSAPRDNQDTQYF,TRBV29,TRBJ2-5
CASSRGFSYEQYF,TRBV17,TRBJ2-7
CASSEKDTGQLYF,TRBV13-3,TRBJ2-2
CASSGKDTQYF,TRBV13-1,TRBJ2-5
CASSSPTTGHERLFF,TRBV29,TRBJ1-4
CAWSLGGLDTQYF,TRBV31,TRBJ2-5
CASSQEGQGTNERLFF,TRBV5,TRBJ1-4
CGAPGQGNNERLFF,TRBV20,TRBJ1-4
CASSTGEGERLFF,TRBV13-1,TRBJ1-4
CASSFGQGGEVFF,TRBV15,TRBJ1-1
CASSDGQAANSDYTF,TRBV13-1,TRBJ1-2
CASGGQSAETLYF,TRBV13-2,TRBJ2-3
CASSTGDNSPLYF,TRBV29,TRBJ1-6
CASSRTLNSGNTLYF,TRBV26,TRBJ1-3
CASSDGQGGTEVFF,TRBV13-1,TRBJ1-1
CTCSAQTGFETLYF,TRBV1,TRBJ2-3
CAWSTGANNSPLYF,TRBV31,TRBJ1-6
CGASFGSAETLYF,TRBV20,TRBJ2-3
CASGEDSGNTLYF,TRBV13-2,TRBJ1-3
CASAVSNERLFF,TRBV13-3,TRBJ1-4
CAWSLLGGYAEQFF,TRBV31,TRBJ2-1
CASSDEGSSYEQYF,TRBV13-3,TRBJ2-7
CASRRGTTNSDYTF,TRBV13-3,TRBJ1-2
CASGDAWVSNERLFF,TRBV13-2,TRBJ1-4
CTCSADSQDTQYF,TRBV1,TRBJ2-5
CASSGRGAETLYF,TRBV13-1,TRBJ2-3
CASSLGTGRDTQYF,TRBV26,TRBJ2-5
CTCSGDSAETLYF,TRBV1,TRBJ2-3
CASSRAQGAETLYF,TRBV17,TRBJ2-3
CASSRVAGTEQFF,TRBV17,TRBJ2-1
CASSGLAQNTLYF,TRBV13-1,TRBJ2-4
CAWSLGTANTEVFF,TRBV31,TRBJ1-1
CASSDPKYEQYF,TRBV13-3,TRBJ2-7
CASSDINERLFF,TRBV13-3,TRBJ1-4
CTCSGIGTETLYF,TRBV1,TRBJ2-3
CGARGNNERLFF,TRBV20,TRBJ1-4
CASSDGGVGDTQYF,TRBV13-1,TRBJ2-5
CAWSLTQKNERLFF,TRBV31,TRBJ1-4
CGALGNSGNTLYF,TRBV20,TRBJ1-3
CASSSGTGDSDYTF,TRBV15,TRBJ1-2
CASSLGGNYAEQFF,TRBV13-1,TRBJ2-1
CASSGDRAGNTLYF,TRBV13-1,TRBJ1-3
CASSDATGNQAPLF,TRBV13-1,TRBJ1-5
CASSQVSNERLFF,TRBV5,TRBJ1-4
CASSDQSNTEVFF,TRBV13-3,TRBJ1-1
CASSDAGGLSYEQYF,TRBV13-1,TRBJ2-7
CASSGDKSSGNTLYF,TRBV13-1,TRBJ1-3
CASSANWANTGQLYF,TRBV13-3,TRBJ2-2
CASGDSYNSPLYF,TRBV13-2,TRBJ1-6
CASRAGLSQNTLYF,TRBV16,TRBJ2-4
CASSDWGGNYAEQFF,TRBV13-3,TRBJ2-1
CAWSPASQNTLYF,TRBV31,TRBJ2-4
CASSLLGQISNERLFF,TRBV12-1,TRBJ1-4
CAWSLVWGNTGQLYF,TRBV31,TRBJ2-2
CASSVRDRGTEVFF,TRBV13-3,TRBJ1-1
CASSETSNSDYTF,TRBV13-1,TRBJ1-2
CASSLISNERLFF,TRBV26,TRBJ1-4
CASSLDRNTGQLYF,TRBV15,TRBJ2-2
CASSDGTGGPYEQYF,TRBV13-3,TRBJ2-7
CASSEQSNTEVFF,TRBV13-3,TRBJ1-1
CASSRPGTGDTLYF,TRBV14,TRBJ2-4
CASSLGTVANTEVFF,TRBV26,TRBJ1-1
CASSPRDGNERLFF,TRBV5,TRBJ1-4
CASSWDSAAEQFF,TRBV15,TRBJ2-1
CASSGDWGAEQFF,TRBV15,TRBJ2-1
CASSVTENTGQLYF,TRBV13-1,TRBJ2-2
CASSDRGGVFF,TRBV13-1,TRBJ1-1
CASSWGQGNTGQLYF,TRBV29,TRBJ2-2
CASSDPGQNTEVFF,TRBV13-3,TRBJ1-1
CSSSQGQGEYEQYF,TRBV23,TRBJ2-7
CASSSPGPLIAETLYF,TRBV16,TRBJ2-3
CAWSGTPNTEVFF,TRBV31,TRBJ1-1
CASSDGGYAEQFF,TRBV13-3,TRBJ2-1
CASSDRQNTGQLYF,TRBV13-3,TRBJ2-2
CASSDAQANTGQLYF,TRBV13-1,TRBJ2-2
CASSDEVNSDYTF,TRBV13-1,TRBJ1-2
CASSQEAGSNTEVFF,TRBV5,TRBJ1-1
CAWSPGASSYEQYF,TRBV31,TRBJ2-7
CGGVGGYEQYF,TRBV20,TRBJ2-7
CASSGWGVNQDTQYF,TRBV13-1,TRBJ2-5
CASSPDRGGTEVFF,TRBV13-1,TRBJ1-1
CASGGGSSGNTLYF,TRBV13-2,TRBJ1-3
CASSLSGQLYF,TRBV14,TRBJ2-2
CASSSDRGYAEQFF,TRBV3,TRBJ2-1
CASGRDKNSDYTF,TRBV13-3,TRBJ1-2
CASSDTTSTPDYTF,TRBV13-1,TRBJ1-2
CASGDAGPGGKYAEQFF,TRBV13-2,TRBJ2-1
CAWSQTGGSAETLYF,TRBV31,TRBJ2-3
CAWSLGQQNTLYF,TRBV31,TRBJ2-4
CASSGDRGNERLFF,TRBV13-3,TRBJ1-4
CASSLTGNTEVFF,TRBV14,TRBJ1-1
CASSLQNYAEQFF,TRBV26,TRBJ2-1
CASSREEDTQYF,TRBV5,TRBJ2-5
CASSQQGDSNERLFF,TRBV5,TRBJ1-4
CASSDEGSDYTF,TRBV13-1,TRBJ1-2
CGASTGGNSDYTF,TRBV20,TRBJ1-2
CASNKGTEVFF,TRBV13-1,TRBJ1-1
CASSQEAGVGTEVFF,TRBV5,TRBJ1-1
CASSLGGGGAEQFF,TRBV3,TRBJ2-1
CASSLEENTEVFF,TRBV15,TRBJ1-1
CASSGGTLNNQAPLF,TRBV13-1,TRBJ1-5
CTCSPLVNQDTQYF,TRBV1,TRBJ2-5
CGAMDNNERLFF,TRBV20,TRBJ1-4
CASSPYRGSGNTLYF,TRBV4,TRBJ1-3
CASSPANTEVFF,TRBV26,TRBJ1-1
CASSRQGGQDTQYF,TRBV13-3,TRBJ2-5
CASSLTVTNERLFF,TRBV5,TRBJ1-4
CASSFSTVSYEQYF,TRBV29,TRBJ2-7
CASGVTGGAPDTQYF,TRBV13-2,TRBJ2-5
CASSAGLGGSQNTLYF,TRBV4,TRBJ2-4
CASSYRDTEVFF,TRBV16,TRBJ1-1
CASGNYEQYF,TRBV13-2,TRBJ2-7
CASSLSGTGNTGQLYF,TRBV26,TRBJ2-2
CASSQDTGGDTQYF,TRBV5,TRBJ2-5
CAWSQQYNSPLYF,TRBV31,TRBJ1-6
CASSDGKGPSGNTLYF,TRBV13-1,TRBJ1-3
CASSLGLGAYAEQFF,TRBV16,TRBJ2-1
CAWSLQNSDYTF,TRBV31,TRBJ1-2
CASSSDSSQNTLYF,TRBV3,TRBJ2-4
CGARDHRGYEQYF,TRBV20,TRBJ2-7
CASSDGGQAISPYEQYF,TRBV13-1,TRBJ2-7
CASGDAGGGNTLYF,TRBV13-2,TRBJ2-4
CAWSLRGREQYF,TRBV31,TRBJ2-7
CASSLAGGIYAEQFF,TRBV15,TRBJ2-1
CASSEDNSDYTF,TRBV13-1,TRBJ1-2
CASGGGSAETLYF,TRBV13-2,TRBJ2-3
CASSAGTKQYF,TRBV4,TRBJ2-7
CASNPDRATEVFF,TRBV16,TRBJ1-1
CASSQEAGPQDTQYF,TRBV5,TRBJ2-5
CASSLDWGYAEQFF,TRBV3,TRBJ2-1
CASSRDPGTGGSYAEQFF,TRBV17,TRBJ2-1
CASTEQANTGQLYF,TRBV13-3,TRBJ2-2
CASSGDRGEVFF,TRBV13-3,TRBJ1-1
CASSEGQGAGNTLYF,TRBV13-1,TRBJ1-3
CASRPDRGENSDYTF,TRBV13-1,TRBJ1-2
CASSPRSYEQYF,TRBV5,TRBJ2-7
CASSQLKQGRNTGQLYF,TRBV5,TRBJ2-2
CVRQGAAEVFF,TRBV31,TRBJ1-1
CASSDWGGAETLYF,TRBV13-1,TRBJ2-3
CASSDRGVDERLFF,TRBV13-1,TRBJ1-4
CASSYGVNTEVFF,TRBV4,TRBJ1-1
CASSRDR_GDSDYTF,TRBV24,TRBJ1-2
CAWSLRGYQDTQYF,TRBV31,TRBJ2-5
CASSATGGYEQYF,TRBV15,TRBJ2-7
CASSRDNYEQYF,TRBV17,TRBJ2-7
CASSGGYNSPLYF,TRBV13-3,TRBJ1-6
CASRSWGGNYAEQFF,TRBV13-3,TRBJ2-1
CASSDRAGNTLYF,TRBV13-1,TRBJ1-3
CASSYQGPGNTLYF,TRBV4,TRBJ1-3
CASSQDWGSYEQYF,TRBV5,TRBJ2-7
CAWSLGDRGSEQFF,TRBV31,TRBJ2-1
CAWSRGASAETLYF,TRBV31,TRBJ2-3
CAWSPGAEQFF,TRBV31,TRBJ2-1
CSSSQLGAYEQYF,TRBV23,TRBJ2-7
CASGDTGGDERLFF,TRBV13-2,TRBJ1-4
CASSLTDSGNTLYF,TRBV4,TRBJ1-3
CAWSTGGGEQYF,TRBV31,TRBJ2-7
CAWSGSYEQYF,TRBV31,TRBJ2-7
CASSPQGYNSPLYF,TRBV4,TRBJ1-6
CASSFGGSSYEQYF,TRBV14,TRBJ2-7
CASSWTANTEVFF,TRBV14,TRBJ1-1
CASSPDKYSGNTLYF,TRBV14,TRBJ1-3
CASSQDWASQNTLYF,TRBV5,TRBJ2-4
CTCSAGLGETLYF,TRBV1,TRBJ2-3
CTCSAGTERLFF,TRBV1,TRBJ1-4
CASKTGGNNYAEQFF,TRBV15,TRBJ2-1
CASSSATGGRAETLYF,TRBV17,TRBJ2-3
CASSDARDTTAERLFF,TRBV13-3,TRBJ1-4
CASSVEGNSDYTF,TRBV13-1,TRBJ1-2
CASGYEQYF,TRBV13-2,TRBJ2-7
CASGDNYNSPLYF,TRBV13-2,TRBJ1-6
CASSLTGSQNTLYF,TRBV4,TRBJ2-4
CASSQESGGSGNTLYF,TRBV5,TRBJ1-3
CTCSAERRDGNTLYF,TRBV1,TRBJ1-3
CAWSLRQEQYF,TRBV31,TRBJ2-7
CAWNDRAGNTLYF,TRBV31,TRBJ1-3
CASSVRGPDTQYF,TRBV13-3,TRBJ2-5
CASSPGQYNSPLYF,TRBV13-1,TRBJ1-6
CASSDAQGEAERLFF,TRBV13-1,TRBJ1-4
CASGDARGNYAEQFF,TRBV13-2,TRBJ2-1
CASGDETNSPLYF,TRBV13-2,TRBJ1-6
CASSYWGGVETLYF,TRBV4,TRBJ2-3
CASSLSSSAETLYF,TRBV5,TRBJ2-3
CASSQEGTGENTEVFF,TRBV5,TRBJ1-1
CAWSLQGGAETLYF,TRBV31,TRBJ2-3
CGARDWGSSYEQYF,TRBV20,TRBJ2-7
CASSLTANTEVFF,TRBV13-1,TRBJ1-1
CASSRGTGGSQNTLYF,TRBV4,TRBJ2-4
CASSFEGTGNTLYF,TRBV14,TRBJ1-3
CASSLGTGGVTEVFF,TRBV14,TRBJ1-1
CASSPGQWQNTLYF,TRBV26,TRBJ2-4
CASSLPRISNERLFF,TRBV16,TRBJ1-4
CASSQGWGGSQNTLYF,TRBV5,TRBJ2-4
CASSQDWGDEQYF,TRBV5,TRBJ2-7
CAWSPTGDEQYF,TRBV31,TRBJ2-7
CAWSTNSGNTLYF,TRBV31,TRBJ1-3
CASSLDRGLDSDYTF,TRBV12-1,TRBJ1-2
CASSSPGQGNGQLYF,TRBV17,TRBJ2-2
CASSDARKDTQYF,TRBV13-3,TRBJ2-5
CASGGTGVEQYF,TRBV13-2,TRBJ2-7
CASGDATGNYAEQFF,TRBV13-2,TRBJ2-1
CASSPGLSGNTLYF,TRBV4,TRBJ1-3
CASSWDWGEETLYF,TRBV14,TRBJ2-3
CAWSLEGSSYEQYF,TRBV31,TRBJ2-7
CASSLQGSGNTLYF,TRBV3,TRBJ1-3
CASSLGGTVYAEQFF,TRBV15,TRBJ2-1
CASAGGEYEQYF,TRBV13-3,TRBJ2-7
CASSTGQGANTEVFF,TRBV13-3,TRBJ1-1
CASGDSNSPLYF,TRBV13-2,TRBJ1-6
CASSSRDWGLQDTQYF,TRBV4,TRBJ2-5
CASSQQGGNAETLYF,TRBV26,TRBJ2-3
CASSPLQGERLFF,TRBV5,TRBJ1-4
CTCSAGTVNNQAPLF,TRBV1,TRBJ1-5
CAWREGAGYAEQFF,TRBV31,TRBJ2-1
CAWKGVANTGQLYF,TRBV31,TRBJ2-2
CGASGTANTGQLYF,TRBV20,TRBJ2-2
CASSLPDSYEQYF,TRBV29,TRBJ2-7
CASSEGANYAEQFF,TRBV13-1,TRBJ2-1
CASGDGGNSDYTF,TRBV13-2,TRBJ1-2
CASGDYEQYF,TRBV13-2,TRBJ2-7
CASSLTNERLFF,TRBV4,TRBJ1-4
CASSQDRDQNTLYF,TRBV5,TRBJ2-4
CASSPGTGVYAEQFF,TRBV3,TRBJ2-1
CGARGDQDTQYF,TRBV20,TRBJ2-5
CASSRDHTGQLYF,TRBV17,TRBJ2-2
CASSSSGGTEVFF,TRBV29,TRBJ1-1
CASSSPGDRGNERLFF,TRBV29,TRBJ1-4
CASSEKDTQYF,TRBV13-3,TRBJ2-5
CASSSDNQAPLF,TRBV13-3,TRBJ1-5
CASRTANSDYTF,TRBV13-1,TRBJ1-2
CASGGGQGDSDYTF,TRBV13-2,TRBJ1-2
CASSLRGEAYNSPLYF,TRBV26,TRBJ1-6
CASSLGEYEQYF,TRBV16,TRBJ2-7
CASSQEAGVSQNTLYF,TRBV5,TRBJ2-4
CASSLEGGSDYTF,TRBV3,TRBJ1-2
CASSLTDRGNTLYF,TRBV3,TRBJ1-3
CASSRWGGAGQNTLYF,TRBV15,TRBJ2-4
CASSRGYEQYF,TRBV17,TRBJ2-7
CASSRERGSYYAEQFF,TRBV17,TRBJ2-1
CASSVGQGADTLYF,TRBV13-1,TRBJ2-4
CASSDALTGGGSDYTF,TRBV13-1,TRBJ1-2
CASGDPDSETLYF,TRBV13-2,TRBJ2-3
CASSLTANSDYTF,TRBV4,TRBJ1-2
CASSPRLGVSQNTLYF,TRBV4,TRBJ2-4
CTCSAQDNQAPLF,TRBV1,TRBJ1-5
CASLRNSGNTLYF,TRBV19,TRBJ1-3
CASSRDGQQDTQYF,TRBV17,TRBJ2-5
CASSRDSSAETLYF,TRBV13-1,TRBJ2-3
CASSDRGAETLYF,TRBV13-1,TRBJ2-3
CASGDAWGYFF,TRBV13-2,TRBJ2-7
CASSFDRVEQYF,TRBV4,TRBJ2-7
CASRGTGAETLYF,TRBV26,TRBJ2-3
CTCSADSGNTLYF,TRBV1,TRBJ1-3
CTCSADPGNERLFF,TRBV1,TRBJ1-4
CTCSDRTYEQYF,TRBV1,TRBJ2-7
CAWGGREAYNSPLYF,TRBV31,TRBJ1-6
CASSPTGYEQYF,TRBV3,TRBJ2-7
CGAKGPGNTLYF,TRBV20,TRBJ1-3
CASSNR*_AETLYF,TRBV29,TRBJ2-3
CASKRDTEVFF,TRBV13-3,TRBJ1-1
CASGDGTGGAEQFF,TRBV13-2,TRBJ2-1
CASGDEGEGERLFF,TRBV13-2,TRBJ1-4
CASSFSGNTGQLYF,TRBV14,TRBJ2-2
CASSSQGGAETLYF,TRBV14,TRBJ2-3
CASSRLGVYEQYF,TRBV14,TRBJ2-7
CASSQEGHTNTEVFF,TRBV5,TRBJ1-1
CASSLRT_RYEQYF,TRBV24,TRBJ2-7
CTCSAATGGGTEVFF,TRBV1,TRBJ1-1
CTCSADPGDTEVFF,TRBV1,TRBJ1-1
CTCSGVGGAETLYF,TRBV1,TRBJ2-3
CGAKTGVSNERLFF,TRBV20,TRBJ1-4
CASSLQSSAETLYF,TRBV15,TRBJ2-3
CASRPGTGGYEQYF,TRBV15,TRBJ2-7
CASTPGQQDTQYF,TRBV17,TRBJ2-5
CASSLSTGGDYEQYF,TRBV29,TRBJ2-7
CASSGDNSGNTLYF,TRBV13-3,TRBJ1-3
CASSDRDSDYTF,TRBV13-3,TRBJ1-2
CASSEPNSGNTLYF,TRBV13-1,TRBJ1-3
CASGDGGPPNSDYTF,TRBV13-2,TRBJ1-2
CASGDELGGTETLYF,TRBV13-2,TRBJ2-3
CASSLTANTGQLYF,TRBV4,TRBJ2-2
CASSYGDTQYF,TRBV4,TRBJ2-5
CASSIPGTNERLFF,TRBV19,TRBJ1-4
CGARDLGYEQYF,TRBV20,TRBJ2-7
CGAREGAETLYF,TRBV20,TRBJ2-3
CGAREGDTQYF,TRBV20,TRBJ2-5
CASSLAGQGNTLYF,TRBV15,TRBJ2-4
CASSLARSSYEQYF,TRBV29,TRBJ2-7
CASRTGGNQAPLF,TRBV29,TRBJ1-5
CASSRDTSQNTLYF,TRBV13-3,TRBJ2-4
CASSAEYEQYF,TRBV13-3,TRBJ2-7
CASRSGQNYAEQFF,TRBV13-3,TRBJ2-1
CASSWTSNSDYTF,TRBV4,TRBJ1-2
CASTGGDTGQLYF,TRBV14,TRBJ2-2
CSSREGTGGPETLYF,TRBV30,TRBJ2-3
CASSLSGSQNTLYF,TRBV26,TRBJ2-4
CASSPRGGAEQFF,TRBV16,TRBJ2-1
CAWSLGGRAEQFF,TRBV31,TRBJ2-1
CAWSLGTGDYEQYF,TRBV31,TRBJ2-7
CAWRTGTGFYEQYF,TRBV31,TRBJ2-7
CGARVGTNSDYTF,TRBV20,TRBJ1-2
CASSSPGTGGQDTQYF,TRBV29,TRBJ2-5
CASSDSLSGNTLYF,TRBV13-3,TRBJ1-3
CASSDKSQNTLYF,TRBV13-3,TRBJ2-4
CASSELSNERLFF,TRBV13-3,TRBJ1-4
CASSHRDNQAPLF,TRBV13-3,TRBJ1-5
CASSGGQGSGNTLYF,TRBV13-1,TRBJ1-3
CASSDGGHTEVFF,TRBV13-1,TRBJ1-1
CASSDGTNQAPLF,TRBV13-1,TRBJ1-5
CASSTGTGNTEVFF,TRBV13-1,TRBJ1-1
CASSSDRSQNTLYF,TRBV4,TRBJ2-4
CASSLGHYEQYF,TRBV4,TRBJ2-7
CASRDTQDTQYF,TRBV14,TRBJ2-5
CASSLGGGNQAPLF,TRBV16,TRBJ1-5
CAWALRDRQNTLYF,TRBV31,TRBJ2-4
CAWSLLTGTEVFF,TRBV31,TRBJ1-1
CAWSLDGDSYEQYF,TRBV31,TRBJ2-7
CAWSLGTGANTEVFF,TRBV31,TRBJ1-1
CAWSLGLGASQNTLYF,TRBV31,TRBJ2-4
CASSLDWGGEQYF,TRBV3,TRBJ2-7
CGARDSSQNTLYF,TRBV20,TRBJ2-4
CSSSQQLGVYAEQFF,TRBV23,TRBJ2-1
CASSPGQSNERLFF,TRBV13-3,TRBJ1-4
CASSDGAVAETLYF,TRBV13-3,TRBJ2-3
CASSDKDTEVFF,TRBV13-3,TRBJ1-1
CASSDLTGGYEQYF,TRBV13-1,TRBJ2-7
CASSDEAEDTQYF,TRBV13-1,TRBJ2-5
CASSEGTSNERLFF,TRBV13-1,TRBJ1-4
CASGDAGATERLFF,TRBV13-2,TRBJ1-4
CASGELYSAETLYF,TRBV13-2,TRBJ2-3
CASGLGAQDTQYF,TRBV13-2,TRBJ2-5
CASSLVGQNTLYF,TRBV16,TRBJ2-4
CASRSGTTNERLFF,TRBV16,TRBJ1-4
CASSQVGAGGERLFF,TRBV5,TRBJ1-4
CASSQEVWGDTEVFF,TRBV5,TRBJ1-1
CASSQEGQGTNERLFF,TRBV5,TRBJ1-4
CASSPKGSDYTF,TRBV24,TRBJ1-2
CAWSLGQKNTEVFF,TRBV31,TRBJ1-1
CAWSQGGNTGQLYF,TRBV31,TRBJ2-2
CAWRDRGRDTEVFF,TRBV31,TRBJ1-1
CASSLEQGAGQLYF,TRBV3,TRBJ2-2
CGARDRGSQNTLYF,TRBV20,TRBJ2-4
CGGTGSAETLYF,TRBV20,TRBJ2-3
CASSLTGGAETLYF,TRBV15,TRBJ2-3
CASSLDSAETLYF,TRBV15,TRBJ2-3
CASSSTGYYAEQFF,TRBV17,TRBJ2-1
CASSSTGTETLYF,TRBV29,TRBJ2-3
CASGGGQGQAPLF,TRBV13-2,TRBJ1-5
CASGETFSYNSPLYF,TRBV13-2,TRBJ1-6
CASGNSGNTLYF,TRBV13-2,TRBJ1-3
CASSPTGGDTQYF,TRBV4,TRBJ2-5
CTCSAARVNYAEQFF,TRBV1,TRBJ2-1
CAWNEQYF,TRBV31,TRBJ2-7
CASSRDRVNQDTQYF,TRBV17,TRBJ2-5
CASSEGDRRGEQYF,TRBV13-3,TRBJ2-7
CASSENTGQLYF,TRBV13-3,TRBJ2-2
CASSGQNTEVFF,TRBV13-1,TRBJ1-1
CASSGDWGSAETLYF,TRBV13-1,TRBJ2-3
CASGDATGSAETLYF,TRBV13-2,TRBJ2-3
CASGDGLGFNTLYF,TRBV13-2,TRBJ2-4
CASSLVGRRAETLYF,TRBV16,TRBJ2-3
CASSQGGSGNTLYF,TRBV5,TRBJ1-3
CASSQAWGGSSYEQYF,TRBV5,TRBJ2-7
CTCSGDGQNTLYF,TRBV1,TRBJ2-4
CAWTGTGRNERLFF,TRBV31,TRBJ1-4
CAWSPSGTASQNTLYF,TRBV31,TRBJ2-4
CASSDRNTGQLYF,TRBV19,TRBJ2-2
CGARETYNSPLYF,TRBV20,TRBJ1-6
CASSSTGTGQLYF,TRBV15,TRBJ2-2
CASSRGENTGQLYF,TRBV29,TRBJ2-2
CASSGAGAETLYF,TRBV13-3,TRBJ2-3
CASSPDINTEVFF,TRBV13-1,TRBJ1-1
CASSDAAGGEETLYF,TRBV13-1,TRBJ2-3
CASGADRGRNERLFF,TRBV13-2,TRBJ1-4
CASGDGLGGSQNTLYF,TRBV13-2,TRBJ2-4
CAWSLRQGDKNTQYF,TRBV31,TRBJ2-5
CAWSLGGSNTEVFF,TRBV31,TRBJ1-1
CAWSQGRTETLYF,TRBV31,TRBJ2-3
CASSLDRSSYEQYF,TRBV3,TRBJ2-7
CGAYRDERLFF,TRBV20,TRBJ1-4
CGARGDLSAETLYF,TRBV20,TRBJ2-3
CSSSQGGNTEVFF,TRBV23,TRBJ1-1
CASRLGGQNYAEQFF,TRBV15,TRBJ2-1
CASSREGGREQYF,TRBV17,TRBJ2-7
CASSPRGGSSYEQYF,TRBV29,TRBJ2-7
CASSDETSQNTLYF,TRBV13-3,TRBJ2-4
CASKPGLNTGQLYF,TRBV13-3,TRBJ2-2
CASSDEGGRGETLYF,TRBV13-1,TRBJ2-3
CASSDMGQGTPLYF,TRBV13-1,TRBJ1-6
CASRTGYEQYF,TRBV13-1,TRBJ2-7
CASGDGNSYEQYF,TRBV13-2,TRBJ2-7
CASSLTGQLYF,TRBV14,TRBJ2-2
CASSQDPQGPNSYNSPLYF,TRBV5,TRBJ1-6
CASSQEGGNYAEQFF,TRBV5,TRBJ2-1
CTCSPGQNYAEQFF,TRBV1,TRBJ2-1
CAWGGQGNTEVFF,TRBV31,TRBJ1-1
CAWTGDYEQYF,TRBV31,TRBJ2-7
CAWTLTGTTETLYF,TRBV31,TRBJ2-3
CAWSLTGGDTEVFF,TRBV31,TRBJ1-1
CAWSLEGASQNTLYF,TRBV31,TRBJ2-4
CAWSLAQGEEYTQFF,TRBV31,TRBJ2-1
CAWKRGANAEQFF,TRBV31,TRBJ2-1
CAWKLGYEQYF,TRBV31,TRBJ2-7
CASSTDRGVYEQYF,TRBV3,TRBJ2-7
CGAIEGSQNTLYF,TRBV20,TRBJ2-4
CASSFGNTEVFF,TRBV15,TRBJ1-1
CASSSPRDWGYEQYF,TRBV15,TRBJ2-7
CASSPDWGAAETLYF,TRBV15,TRBJ2-3
CASSRENTLYF,TRBV15,TRBJ2-4
CASSLFEQYF,TRBV29,TRBJ2-7
CASSESGASSYEQYF,TRBV13-3,TRBJ2-7
CASKDNEDTQYF,TRBV13-3,TRBJ2-5
CASSDGGVQDTQYF,TRBV13-1,TRBJ2-5
CASSQEGGGDTEVFF,TRBV5,TRBJ1-1
CTCSAVQNAEQFF,TRBV1,TRBJ2-1
CAWTTGINQDTQYF,TRBV31,TRBJ2-5
CASSLSGDEQYF,TRBV3,TRBJ2-7
CGALPGQGGEQYF,TRBV20,TRBJ2-7
CGARGPLGANYAEQFF,TRBV20,TRBJ2-1
CGARLGGYAEQFF,TRBV20,TRBJ2-1
CASSLSQGGYEQYF,TRBV15,TRBJ2-7
CASSLKAGGYEQYF,TRBV15,TRBJ2-7
CASSPDITGNTLYF,TRBV15,TRBJ1-3
CASSQDSYEQYF,TRBV15,TRBJ2-7
CASKLGNYAEQFF,TRBV15,TRBJ2-1
CASSRGYEQYF,TRBV17,TRBJ2-7
CASSLQGARTEVFF,TRBV29,TRBJ1-1
CASTGTALSGNTLYF,TRBV13-3,TRBJ1-3
CASSSGTGGARAETLYF,TRBV13-3,TRBJ2-3
CASSDRQGTNERLFF,TRBV13-1,TRBJ1-4
CASSEGGTGQDTQYF,TRBV13-1,TRBJ2-5
CASSPHNTEVFF,TRBV13-1,TRBJ1-1
CASGDAGGSYEQYF,TRBV13-2,TRBJ2-7
CASGDAGGSAETLYF,TRBV13-2,TRBJ2-3
CASSYGTGTNSDYTF,TRBV4,TRBJ1-2
CASSFWASQNTLYF,TRBV14,TRBJ2-4
CASSFHRGSYNSPLYF,TRBV14,TRBJ1-6
CASSLGGRDSDYTF,TRBV14,TRBJ1-2
CASSLGGATPLYF,TRBV14,TRBJ1-6
CASRGARGGEQYF,TRBV16,TRBJ2-7
CTCSAVGSNTGQLYF,TRBV1,TRBJ2-2
CAWSLAGGAREQYF,TRBV31,TRBJ2-7
CAWSLGYAEQFF,TRBV31,TRBJ2-1
CAWSPRDRGQGSDYTF,TRBV31,TRBJ1-2
CASSEGRDTQYF,TRBV3,TRBJ2-5
CGARQGNTEVFF,TRBV20,TRBJ1-1
CASSPLANSDYTF,TRBV29,TRBJ1-2
CASSGDRTEVFF,TRBV13-3,TRBJ1-1
CASSDVGDGNTLYF,TRBV13-3,TRBJ1-3
CASSDRQANTEVFF,TRBV13-3,TRBJ1-1
CASSATGVSYEQYF,TRBV13-1,TRBJ2-7
CASSAGGEVFF,TRBV13-1,TRBJ1-1
CASSDAWGVEQYF,TRBV13-1,TRBJ2-7
CASSDTNTLYF,TRBV13-1,TRBJ2-4
CASSDNRGAEQFF,TRBV13-1,TRBJ2-1
CASSDSSYNSPLYF,TRBV13-1,TRBJ1-6
CASSPTGGAHEQYF,TRBV13-1,TRBJ2-7
CASRDGQGANTEVFF,TRBV13-1,TRBJ1-1
CASRIQGGNTGQLYF,TRBV13-1,TRBJ2-2
CASGDAGGQNTLYF,TRBV13-2,TRBJ2-4
CASGDAQGYEQYF,TRBV13-2,TRBJ2-7
CASGDAGTNTEVFF,TRBV13-2,TRBJ1-1
CASGELGGNEQYF,TRBV13-2,TRBJ2-7
CASGDWGEAEQFF,TRBV13-2,TRBJ2-1
CASETGGDTEVFF,TRBV13-2,TRBJ1-1
CASSLSTGDGNTLYF,TRBV16,TRBJ1-3
CASSPHGEGSDYTF,TRBV16,TRBJ1-2
CASSQGTGSGNTLYF,TRBV5,TRBJ1-3
CASSQDAGNSGNTLYF,TRBV5,TRBJ1-3
CASSQDRTNERLFF,TRBV5,TRBJ1-4
CASSQEWGGAETLYF,TRBV5,TRBJ2-3
CTCSYSGNTLYF,TRBV1,TRBJ1-3
CTCSAGTGGTEVFF,TRBV1,TRBJ1-1
CAWTGVSAETLYF,TRBV31,TRBJ2-3
CAWSLQTSGNTLYF,TRBV31,TRBJ1-3
CAWSLGTGNTEVFF,TRBV31,TRBJ1-1
CAWSPSTASAETLYF,TRBV31,TRBJ2-3
CAWSRNSNERLFF,TRBV31,TRBJ1-4
CAWRQQDTQYF,TRBV31,TRBJ2-5
CGVWDRFANTEVFF,TRBV20,TRBJ1-1
CGASQGYTEVFF,TRBV20,TRBJ1-1
CGARLGNSGNTLYF,TRBV20,TRBJ1-3
CASSFMGGQNTLYF,TRBV15,TRBJ2-4
CASSLDTYEQYF,TRBV15,TRBJ2-7
CASSSLGVSYEQYF,TRBV17,TRBJ2-7
CASTPGQSQNTLYF,TRBV29,TRBJ2-4
CASSLRGVANQAPLF,TRBV29,TRBJ1-5
CASSLGRISYEQYF,TRBV29,TRBJ2-7
CASTGQTEVFF,TRBV13-3,TRBJ1-1
CASSLQGGDTEVFF,TRBV13-3,TRBJ1-1
CASSPGNTEVFF,TRBV13-3,TRBJ1-1
CASSDAGNERLFF,TRBV13-3,TRBJ1-4
CASSLDNSQNTLYF,TRBV13-3,TRBJ2-4
CASSRDRGRGAEQFF,TRBV13-1,TRBJ2-1
CASSGRGAETLYF,TRBV13-1,TRBJ2-3
CASRAGTTNSDYTF,TRBV13-1,TRBJ1-2
CASGGQGSQDTQYF,TRBV13-2,TRBJ2-5
CASGDQFSNERLFF,TRBV13-2,TRBJ1-4
CASGDAGTNTEVFF,TRBV13-2,TRBJ1-1
CASSSTANTEVFF,TRBV4,TRBJ1-1
CASSYRSSYEQYF,TRBV14,TRBJ2-7
CASSRPNNQDTQYF,TRBV14,TRBJ2-5
CASSLGTGANYAEQFF,TRBV26,TRBJ2-1
CASSQDWASQNTLYF,TRBV5,TRBJ2-4
CASSQDDKYSDYTF,TRBV5,TRBJ1-2
CAWAGTGNERLFF,TRBV31,TRBJ1-4
CAWSLVSYEQYF,TRBV31,TRBJ2-7
CAWSLSREDTQYF,TRBV31,TRBJ2-5
CAWSLGDRGNSPLYF,TRBV31,TRBJ1-6
CAWSPWDRANTGQLYF,TRBV31,TRBJ2-2
CAWSKQSQNTLYF,TRBV31,TRBJ2-4
CAWSGQISNERLFF,TRBV31,TRBJ1-4
CASSFSNSDYTF,TRBV3,TRBJ1-2
CGARVHRDNYAEQFF,TRBV20,TRBJ2-1
CGARAGTTNSDYTF,TRBV20,TRBJ1-2
CGARDWGGAGAETLYF,TRBV20,TRBJ2-3
CGANWGGFQDTQYF,TRBV20,TRBJ2-5
CASSQDSSQNTLYF,TRBV2,TRBJ2-4
CASSLRNSPLYF,TRBV29,TRBJ1-6
CASSSRSSQNTLYF,TRBV29,TRBJ2-4
CASTSRDREGSDYTF,TRBV13-3,TRBJ1-2
CASSGDTNTEVFF,TRBV13-3,TRBJ1-1
CASSDTKDTQYF,TRBV13-3,TRBJ2-5
CASRRGNTEVFF,TRBV13-3,TRBJ1-1
CASNRDWGKGTQYF,TRBV13-3,TRBJ2-5
CASSADRGYAEQFF,TRBV13-1,TRBJ2-1
CASSEGQANTEVFF,TRBV13-1,TRBJ1-1
CASRGQSNERLFF,TRBV13-1,TRBJ1-4
CASGDKPGLSYNSPLYF,TRBV13-2,TRBJ1-6
CASSLTANTEVFF,TRBV4,TRBJ1-1
CASSSGQRDTQYF,TRBV4,TRBJ2-5
CASSLRTASAETLYF,TRBV26,TRBJ2-3
CASSPRTEVFF,TRBV26,TRBJ1-1
CASSRYRGNNQAPLF,TRBV26,TRBJ1-5
CASSLRLNTEVFF,TRBV16,TRBJ1-1
CASSLDRGQSSYEQYF,TRBV16,TRBJ2-7
CASSLEGQGYEQYF,TRBV16,TRBJ2-7
CASSPGLGGLAETLYF,TRBV5,TRBJ2-3
CASSQDRNSPLYF,TRBV5,TRBJ1-6
CASSQDRGEQYF,TRBV5,TRBJ2-7
CASSQEWGRGAETLYF,TRBV5,TRBJ2-3
CTCSPRQISNERLFF,TRBV1,TRBJ1-4
CTCSAATGQLYF,TRBV1,TRBJ2-2
CTCSADLGGDEQYF,TRBV1,TRBJ2-7
CTCSAETGGASEQYF,TRBV1,TRBJ2-7
CAWSRGQGDSDYTF,TRBV31,TRBJ1-2
CAWNPEDTQYF,TRBV31,TRBJ2-5
CAWKQGWEQYF,TRBV31,TRBJ2-7
CASSIDRGGQDTQYF,TRBV3,TRBJ2-5
CGATGNEDTQYF,TRBV20,TRBJ2-5
CASSFGDTQYF,TRBV15,TRBJ2-5
CASSTGLGYEQYF,TRBV15,TRBJ2-7
CASSPTGNSAETLYF,TRBV17,TRBJ2-3
CASSATANTEVFF,TRBV17,TRBJ1-1
CASSRFSAETLYF,TRBV17,TRBJ2-3
CASSRTGGPSQNTLYF,TRBV29,TRBJ2-4
CASSLDRARSDYTF,TRBV13-3,TRBJ1-2
CASSGQSQNTLYF,TRBV13-3,TRBJ2-4
CASSERQAGNTLYF,TRBV13-3,TRBJ2-4
CASSEEDNQAPLF,TRBV13-3,TRBJ1-5
CASRSNYAEQFF,TRBV13-3,TRBJ2-1
CASSPGQQDTQYF,TRBV13-1,TRBJ2-5
CASSGDKTSGNTLYF,TRBV13-1,TRBJ1-3
CASSDASHRGTEVFF,TRBV13-1,TRBJ1-1
CASSDAQGEVFF,TRBV13-1,TRBJ1-1
CASSDAGRGNERLFF,TRBV13-1,TRBJ1-4
CASSDGGLGVYEQYF,TRBV13-1,TRBJ2-7
CASSDGTKSLNQDTQYF,TRBV13-1,TRBJ2-5
CASGDGTAGQDTQYF,TRBV13-2,TRBJ2-5
CASGDSSGNTLYF,TRBV13-2,TRBJ1-3
CASGEGTGGSSYEQYF,TRBV13-2,TRBJ2-7
CASGGGQFSNERLFF,TRBV13-2,TRBJ1-4
CASSLNTGQLYF,TRBV4,TRBJ2-2
CASSRQGADTQYF,TRBV4,TRBJ2-5
CASRRAGGPYEQYF,TRBV4,TRBJ2-7
CASSYRGNTEVFF,TRBV14,TRBJ1-1
CASSPRLGGAETLYF,TRBV14,TRBJ2-3
CSSRGTANSDYTF,TRBV30,TRBJ1-2
CTCSAGTGGAETLYF,TRBV1,TRBJ2-3
CTCSAGTSQNTLYF,TRBV1,TRBJ2-4
CTCSADRRDRANAEQFF,TRBV1,TRBJ2-1
CAWSRTEDTQYF,TRBV31,TRBJ2-5
CAWSHGTGVQAPLF,TRBV31,TRBJ1-5
CAWSQGYQDTQYF,TRBV31,TRBJ2-5
CAWSTTNSDYTF,TRBV31,TRBJ1-2
CASSLVPNERLFF,TRBV3,TRBJ1-4
CASSLDRNSPLYF,TRBV3,TRBJ1-6
CASSSPSYEQYF,TRBV3,TRBJ2-7
CASSSNSQNTLYF,TRBV3,TRBJ2-4
CGARGGYEQYF,TRBV20,TRBJ2-7
CGARETGDSDYTF,TRBV20,TRBJ1-2
CASSLAGGDTEVFF,TRBV15,TRBJ1-1
CASSSQGLEVFF,TRBV15,TRBJ1-1
CASRGRDWGGYNYAEQFF,TRBV15,TRBJ2-1
CASSLGLGGSEQYF,TRBV17,TRBJ2-7
CASSSSTGGAYAEQFF,TRBV29,TRBJ2-1
CASSGDTGQLYF,TRBV29,TRBJ2-2
CASSRDRGSYEQYF,TRBV29,TRBJ2-7
CASSVTGGYEQYF,TRBV13-3,TRBJ2-7
CASSDVADNNQAPLF,TRBV13-3,TRBJ1-5
CASSDASQDTQYF,TRBV13-3,TRBJ2-5
CASSDHTSNERLFF,TRBV13-1,TRBJ1-4
CASSDGQGGNSDYTF,TRBV13-1,TRBJ1-2
CASSDGLGFYAEQFF,TRBV13-1,TRBJ2-1
CASSDDRYEQYF,TRBV13-1,TRBJ2-7
CASSDTGNAEQFF,TRBV13-1,TRBJ2-1
CASSDDRVGAEQFF,TRBV13-1,TRBJ2-1
CASSRTGANTLYF,TRBV13-1,TRBJ2-4
CASRRQGTSQNTLYF,TRBV13-1,TRBJ2-4
CASGASGTGDAEQFF,TRBV13-2,TRBJ2-1
CASGDATGGYAEQFF,TRBV13-2,TRBJ2-1
CASARQGSGNTLYF,TRBV4,TRBJ1-3
CASSSPGQNTLYF,TRBV4,TRBJ2-4
CASSYGNTEVFF,TRBV4,TRBJ1-1
CASSLDNTLYF,TRBV14,TRBJ2-4
CSSAGTGGYEQYF,TRBV30,TRBJ2-7
CSSRDGTANTEVFF,TRBV30,TRBJ1-1
CASSQLTGFSNERLFF,TRBV5,TRBJ1-4
CASSQDRDNYEQYF,TRBV5,TRBJ2-7
CASSQDTEVFF,TRBV5,TRBJ1-1
CASSQDRISNERLFF,TRBV5,TRBJ1-4
CASSRQGAGNTEVFF,TRBV5,TRBJ1-1
CTCSAEDWGQDTQYF,TRBV1,TRBJ2-5
CAWGDRGRQAPLF,TRBV31,TRBJ1-5
CAWSLDWGKGNTLYF,TRBV31,TRBJ2-4
CAWSQGAGDSPLYF,TRBV31,TRBJ1-6
CAWSSGTNNYAEQFF,TRBV31,TRBJ2-1
CAWRPGTGNTEVFF,TRBV31,TRBJ1-1
CASSLGQGNTGQLYF,TRBV3,TRBJ2-2
CASSLAPGQVYEQYF,TRBV3,TRBJ2-7
CASSLAGRQDTQYF,TRBV3,TRBJ2-5
CASSLTGHERLFF,TRBV3,TRBJ1-4
CASRGQGGNSDYTF,TRBV3,TRBJ1-2
CGARVGNTLYF,TRBV20,TRBJ1-3
CGARGSSYEQYF,TRBV20,TRBJ2-7
CGARDRVFGNTLYF,TRBV20,TRBJ1-3
CGARQAGNTLYF,TRBV20,TRBJ1-3
CASSLGQSEVFF,TRBV15,TRBJ1-1
CASSPGQGSLYEQYF,TRBV15,TRBJ2-7
CASSPGTGGNQAPLF,TRBV13-3,TRBJ1-5
CASSGRESDYTF,TRBV13-3,TRBJ1-2
CASSDGVTGQLYF,TRBV13-3,TRBJ2-2
CASSETDNSPLYF,TRBV13-3,TRBJ1-6
CASRDRLNSPLYF,TRBV13-3,TRBJ1-6
CASRKLENYAEQFF,TRBV13-3,TRBJ2-1
CASSDAQNERLFF,TRBV13-1,TRBJ1-4
CASSEGGGNERLFF,TRBV13-1,TRBJ1-4
CASSPGQQDTQYF,TRBV13-1,TRBJ2-5
CASGDSGGTSQNTLYF,TRBV13-2,TRBJ2-4
CASGDATGGDTQYF,TRBV13-2,TRBJ2-5
CASGETGGQDTQYF,TRBV13-2,TRBJ2-5
CASSSTSAETLYF,TRBV14,TRBJ2-3
CSSRHPYEQYF,TRBV30,TRBJ2-7
CASSLRTIQNTLYF,TRBV26,TRBJ2-4
CASSFPTGGAGYAEQFF,TRBV16,TRBJ2-1
CASSLEGLGAETLYF,TRBV16,TRBJ2-3
CASSLEWGQDTQYF,TRBV16,TRBJ2-5
CASSPGGSQNTLYF,TRBV5,TRBJ2-4
CASSPDRNSPLYF,TRBV5,TRBJ1-6
CASSQVDWGVEQYF,TRBV5,TRBJ2-7
CASSQVPGTGEDEQYF,TRBV5,TRBJ2-7
CASSQAGQTNERLFF,TRBV5,TRBJ1-4
CASSQDAGLGRQNTLYF,TRBV5,TRBJ2-4
CASRPGQEHTGQLYF,TRBV5,TRBJ2-2
CTCSATANTGQLYF,TRBV1,TRBJ2-2
CTCSADSAEQYF,TRBV1,TRBJ2-7
CTCSAEGPNERLFF,TRBV1,TRBJ1-4
CTCSGTGGYAEQFF,TRBV1,TRBJ2-1
CAWGTGGNERLFF,TRBV31,TRBJ1-4
CAWSLWGGSSAETLYF,TRBV31,TRBJ2-3
CAWSLGRSGNTLYF,TRBV31,TRBJ1-3
CAWSRNYAEQFF,TRBV31,TRBJ2-1
CAWSRDWGFAEQFF,TRBV31,TRBJ2-1
CAWSGDSQNTLYF,TRBV31,TRBJ2-4
CAWSPGQYNSPLYF,TRBV31,TRBJ1-6
CASGGDSGNTLYF,TRBV3,TRBJ1-3
CASSLRDRYEQYF,TRBV3,TRBJ2-7
CASSLDQGNTEVFF,TRBV3,TRBJ1-1
CASSPGTGRNTLYF,TRBV3,TRBJ1-3
CGALQGNSDYTF,TRBV20,TRBJ1-2
CGARDWGGGQNTLYF,TRBV20,TRBJ2-4
CSSSQSPGSEVFF,TRBV23,TRBJ1-1
CASSSQDQAPLF,TRBV15,TRBJ1-5
CASSRTGENTGQLYF,TRBV15,TRBJ2-2
CASSPDRGEQYF,TRBV15,TRBJ2-7
CASSSWTGGTLYF,TRBV17,TRBJ2-3
CASSPTGRDTEVFF,TRBV17,TRBJ1-1
CASSLSGSNQDTQYF,TRBV29,TRBJ2-5
CASSSGTTNSDYTF,TRBV13-3,TRBJ1-2
CASSENWGVSYEQYF,TRBV13-3,TRBJ2-7
CASRDWGSQNTLYF,TRBV13-3,TRBJ2-4
CASGDRENSPLYF,TRBV13-1,TRBJ1-6
CASSDAGGNYAEQFF,TRBV13-1,TRBJ2-1
CASSDLDRGYTEVFF,TRBV13-1,TRBJ1-1
CASSDSQNTLYF,TRBV13-1,TRBJ2-4
CASSEDRRDTQYF,TRBV13-1,TRBJ2-5
CASSEEQGAGSDYTF,TRBV13-1,TRBJ1-2
CASGGYERLFF,TRBV13-2,TRBJ1-4
CASGDGLGTSAETLYF,TRBV13-2,TRBJ2-3
CASGDKSTSQNTLYF,TRBV13-2,TRBJ2-4
CASGEPANTEVFF,TRBV13-2,TRBJ1-1
CASSFSGAEVFF,TRBV14,TRBJ1-1
CASSLAGSAETLYF,TRBV14,TRBJ2-3
CASSGTASAETLYF,TRBV14,TRBJ2-3
CSSRDNTEVFF,TRBV30,TRBJ1-1
CASSLTAYAEQFF,TRBV26,TRBJ2-1
CASSPEDTQYF,TRBV26,TRBJ2-5
CASSPTGRDTEVFF,TRBV26,TRBJ1-1
CASSLDGPEYEQYF,TRBV16,TRBJ2-7
CASSLDWGDYAEQFF,TRBV5,TRBJ2-1
CASSQVDSNSPLYF,TRBV5,TRBJ1-6
CTCSAGTGETLYF,TRBV1,TRBJ2-3
CTCSAGTGSNTGQLYF,TRBV1,TRBJ2-2
CTCSADRHISGNTLYF,TRBV1,TRBJ1-3
CAWSRQSNSDYTF,TRBV31,TRBJ1-2
CAWSGGQNERLFF,TRBV31,TRBJ1-4
CAGTGSSYEQYF,TRBV31,TRBJ2-7
CASSPLGAPAEQFF,TRBV3,TRBJ2-1
CASSLEQLSNERLFF,TRBV3,TRBJ1-4
CASSWDNERLFF,TRBV3,TRBJ1-4
CASSQAGSNYAEQFF,TRBV3,TRBJ2-1
CGASRGALSAETLYF,TRBV20,TRBJ2-3
CGASSYEQYF,TRBV20,TRBJ2-7
CASSFGETLYF,TRBV15,TRBJ2-3
CASSRTGGARDTQYF,TRBV15,TRBJ2-5
CASSGQGKSDYTF,TRBV17,TRBJ1-2
CASSRDRADTQYF,TRBV17,TRBJ2-5
CASSRGRGYAEQFF,TRBV17,TRBJ2-1
CASSQGPGQISNERLFF,TRBV2,TRBJ1-4
CASSFPKNEQYF,TRBV29,TRBJ2-7
CASSLSTDYEQYF,TRBV29,TRBJ2-7
CASSLSKGGGSAETLYF,TRBV29,TRBJ2-3
CASSLGTGEDTQYF,TRBV29,TRBJ2-5
CASSPRG_QDTQYF,TRBV29,TRBJ2-5
CASSTTNSDYTF,TRBV29,TRBJ1-2
CASSLQFSNERLFF,TRBV13-3,TRBJ1-4
CASSVGAGAEQFF,TRBV13-3,TRBJ2-1
CASSDSGGNYAEQFF,TRBV13-3,TRBJ2-1
CASSDAWGGRGQNTLYF,TRBV13-3,TRBJ2-4
CASSDTRDRAGERLFF,TRBV13-3,TRBJ1-4
CASSDTGTGYEQYF,TRBV13-3,TRBJ2-7
CASSEGQGNNQAPLF,TRBV13-3,TRBJ1-5
CASSQGFF,TRBV13-3,TRBJ1-4
CASSVGSNTEVFF,TRBV13-1,TRBJ1-1
CASSDGGGYAEQFF,TRBV13-1,TRBJ2-1
CASRDKNTLYF,TRBV13-1,TRBJ2-4
CASRAEEVFF,TRBV13-1,TRBJ1-1
CASGVPTKEAPLF,TRBV13-2,TRBJ1-5
CASGGDWGGYAEQFF,TRBV13-2,TRBJ2-1
CASGDAGFSAETLYF,TRBV13-2,TRBJ2-3
CASGTGDTGQLYF,TRBV13-2,TRBJ2-2
CASSFGQDTGQLYF,TRBV4,TRBJ2-2
CASSNRDSGNTLYF,TRBV4,TRBJ1-3
CASSSDRGGNTLYF,TRBV14,TRBJ1-3
CSSRGNEQYF,TRBV30,TRBJ2-7
CASSLQGAEDTQYF,TRBV26,TRBJ2-5
CASSQGPGAGNTLYF,TRBV26,TRBJ1-3
CASSLGTGNTGQLYF,TRBV16,TRBJ2-2
CASSLEGSSYEQYF,TRBV16,TRBJ2-7
CASSPGTNNERLFF,TRBV16,TRBJ1-4
CASSPQIANSDYTF,TRBV5,TRBJ1-2
CASSQDGGQYEQYF,TRBV5,TRBJ2-7
CASSQDRGVSNERLFF,TRBV5,TRBJ1-4
CASSQERGDSYNSPLYF,TRBV5,TRBJ1-6
CTCSADTQQDTQYF,TRBV1,TRBJ2-5
CAWSLDRGNSPLYF,TRBV31,TRBJ1-6
CAWSLPGQGSAETLYF,TRBV31,TRBJ2-3
CAWSLGYEQYF,TRBV31,TRBJ2-7
CAWSLAQGEVFF,TRBV31,TRBJ1-1
CAWSLGLTGQLYF,TRBV31,TRBJ2-2
CAWSLGTGGSSAETLYF,TRBV31,TRBJ2-3
CAWSLDRADYTF,TRBV31,TRBJ1-2
CAWSPTGRDTEVFF,TRBV31,TRBJ1-1
CAWSPGAETLYF,TRBV31,TRBJ2-3
CAWSPGQYNSPLYF,TRBV31,TRBJ1-6
CAWSRQANSDYTF,TRBV31,TRBJ1-2
CAWSRSSAETLYF,TRBV31,TRBJ2-3
CAWSHRDEQYF,TRBV31,TRBJ2-7
CAWSQDWANQDTQYF,TRBV31,TRBJ2-5
CASSLVGGANTEVFF,TRBV3,TRBJ1-1
CASSLTGGYAEQFF,TRBV3,TRBJ2-1
CASSSQSQNTLYF,TRBV3,TRBJ2-4
CASSVGLGGSAETLYF,TRBV3,TRBJ2-3
CGASGTGGTEVFF,TRBV20,TRBJ1-1
CGARAYNSDYTF,TRBV20,TRBJ1-2
CGARDLISNERLFF,TRBV20,TRBJ1-4
CASSRTGGQNTLYF,TRBV15,TRBJ2-4
CASNNWDTGQLYF,TRBV15,TRBJ2-2
CASGVQDTQYF,TRBV17,TRBJ2-5
CASSRTGGRYEQYF,TRBV17,TRBJ2-7
CASSSDWGGYEQYF,TRBV29,TRBJ2-7
CASSWGNQAPLF,TRBV29,TRBJ1-5
CASSPRDNNQAPLF,TRBV29,TRBJ1-5
CASSDPWESQNTLYF,TRBV13-3,TRBJ2-4
CASSPGTGSNERLFF,TRBV13-3,TRBJ1-4
CASSAGGAYGAETLYF,TRBV13-1,TRBJ2-3
CASSGDSSGNTLYF,TRBV13-1,TRBJ1-3
CASSGDRGLSNERLFF,TRBV13-1,TRBJ1-4
CASSGDRSSGNTLYF,TRBV13-1,TRBJ1-3
CASSDAPNTEVFF,TRBV13-1,TRBJ1-1
CASSDAGGGQDTQYF,TRBV13-1,TRBJ2-5
CASSDPGTGGYAEQFF,TRBV13-1,TRBJ2-1
CASSSNERLFF,TRBV13-1,TRBJ1-4
CASNPGTGVNTLYF,TRBV13-1,TRBJ2-4
CASGPGGGEQYF,TRBV13-2,TRBJ2-7
CASGDAGKSNSDYTF,TRBV13-2,TRBJ1-2
CASSFQGDTEVFF,TRBV4,TRBJ1-1
CASSFGTGDTEVFF,TRBV4,TRBJ1-1
CASSPTGSSGNTLYF,TRBV4,TRBJ1-3
CASSLTGSQYF,TRBV14,TRBJ2-5
CASSPGTGGNQAPLF,TRBV14,TRBJ1-5
CASSLDNYEQYF,TRBV12-2,TRBJ2-7
CASSLQALGAETLYF,TRBV26,TRBJ2-3
CASSFQGSNTEVFF,TRBV16,TRBJ1-1
CASSLGTGGPEQYF,TRBV16,TRBJ2-7
CASSQGQTNTEVFF,TRBV5,TRBJ1-1
CASSQDEDSPLYF,TRBV5,TRBJ1-6
CASSQDREGGTEVFF,TRBV5,TRBJ1-1
CASSQEGGGQDTQYF,TRBV5,TRBJ2-5
CASSQEGEDTQYF,TRBV5,TRBJ2-5
CASSQEAPGAEQYF,TRBV5,TRBJ2-7
CASRTG*_QNTLYF,TRBV24,TRBJ2-4
CTCSRDTQDTQYF,TRBV1,TRBJ2-5
CAWRDRANERLFF,TRBV31,TRBJ1-4
CAWMLGVAETLYF,TRBV31,TRBJ2-3
CAWSLGTSNERLFF,TRBV31,TRBJ1-4
CAWSLGLGVQNTLYF,TRBV31,TRBJ2-4
CAWSLSGTQDTQYF,TRBV31,TRBJ2-5
CAWSLRGVQDTQYF,TRBV31,TRBJ2-5
CAWSLDRGGSPLYF,TRBV31,TRBJ1-6
CAWSPWTGGDQAPLF,TRBV31,TRBJ1-5
CASSFQDTQYF,TRBV3,TRBJ2-5
CASSLEGYEQYF,TRBV3,TRBJ2-7
CASSSTGVNSGNTLYF,TRBV3,TRBJ1-3
CASSPQTGGAAEQFF,TRBV3,TRBJ2-1
CASRYRESTGQLYF,TRBV3,TRBJ2-2
CGASGQANTEVFF,TRBV20,TRBJ1-1
CGARQGNSPLYF,TRBV20,TRBJ1-6
CGARVGANYAEQFF,TRBV20,TRBJ2-1
CGARDWGQGNSDYTF,TRBV20,TRBJ1-2
CGARDPGADTQYF,TRBV20,TRBJ2-5
CGARDQTGFYEQYF,TRBV20,TRBJ2-7
CGARDRGTNERLFF,TRBV20,TRBJ1-4
CGARDNNYAEQFF,TRBV20,TRBJ2-1
CGARTGQGSQNTLYF,TRBV20,TRBJ2-4
CGARGGANSDYTF,TRBV20,TRBJ1-2
CASSFWTGGQNTLYF,TRBV15,TRBJ2-4
CASSFEGGDTQYF,TRBV15,TRBJ2-5
CASSLSGGYEQYF,TRBV15,TRBJ2-7
CASSLLGADSDYTF,TRBV15,TRBJ1-2
CASSSWGDTQYF,TRBV15,TRBJ2-5
CASSPGGDTQYF,TRBV15,TRBJ2-5
CASSPPTGGDYEQYF,TRBV15,TRBJ2-7
CASRQGQGAREQYF,TRBV15,TRBJ2-7
CASGTANTGQLYF,TRBV17,TRBJ2-2
CASSSPGGAETLYF,TRBV17,TRBJ2-3
CASSRGLGGADTQYF,TRBV17,TRBJ2-5
CASSLSRGGDTQYF,TRBV29,TRBJ2-5
CASSRQFSNERLFF,TRBV29,TRBJ1-4
CASSVDRAEQYF,TRBV13-3,TRBJ2-7
CASSGLNYAEQFF,TRBV13-3,TRBJ2-1
CASSDYRGGKNAEQFF,TRBV13-3,TRBJ2-1
CASSDAGSSYEQYF,TRBV13-3,TRBJ2-7
CASSEGQGAGNTLYF,TRBV13-3,TRBJ1-3
CASSTGNSDYTF,TRBV13-3,TRBJ1-2
CASSSGTTNSDYTF,TRBV13-3,TRBJ1-2
CASRDSYNSPLYF,TRBV13-3,TRBJ1-6
CASTDSSAETLYF,TRBV13-1,TRBJ2-3
CASSRADQAPLF,TRBV13-1,TRBJ1-5
CASSGQGANTEVFF,TRBV13-1,TRBJ1-1
CASSDAGTGGGEQYF,TRBV13-1,TRBJ2-7
CASSDGTASGNTLYF,TRBV13-1,TRBJ1-3
CASSDGTTSGNTLYF,TRBV13-1,TRBJ1-3
CASGARDKYEQYF,TRBV13-2,TRBJ2-7
CASGGYRDQAPLF,TRBV13-2,TRBJ1-5
CASGEGANNQAPLF,TRBV13-2,TRBJ1-5
CASGEGQGRGNTLYF,TRBV13-2,TRBJ1-3
CASGETGNTEVFF,TRBV13-2,TRBJ1-1
CASGEGTTNTEVFF,TRBV13-2,TRBJ1-1
CASETDSGNTLYF,TRBV13-2,TRBJ1-3
CASSRDWAYEQYF,TRBV4,TRBJ2-7
CASSPDWGAYAEQFF,TRBV4,TRBJ2-1
CASSPRDRDNERLFF,TRBV14,TRBJ1-4
CSSRMGSETLYF,TRBV30,TRBJ2-3
CASSLAGGAEYEQYF,TRBV12-2,TRBJ2-7
CASSRGAETLYF,TRBV26,TRBJ2-3
CASSKQGSYNSPLYF,TRBV26,TRBJ1-6
CASSLGGSNTEVFF,TRBV16,TRBJ1-1
CASSLDQAPLF,TRBV16,TRBJ1-5
CASSSGGEDTQYF,TRBV16,TRBJ2-5
CASSQDAGGDGNTLYF,TRBV5,TRBJ1-3
CASSQDRVSNERLFF,TRBV5,TRBJ1-4
CASSQDRGLYEQYF,TRBV5,TRBJ2-7
CASSQEAGTNTGQLYF,TRBV5,TRBJ2-2
CASSQEGDHERLFF,TRBV5,TRBJ1-4
CASSQEGTGSNSPLYF,TRBV5,TRBJ1-6
CAS*LGG_SSQQYF,TRBV24,TRBJ2-7
CTCSVMTTNTGQLYF,TRBV1,TRBJ2-2
CTCSAGTANERLFF,TRBV1,TRBJ1-4
CTCSAVGLSAETLYF,TRBV1,TRBJ2-3
CTCSAVLGAETLYF,TRBV1,TRBJ2-3
CTCSAGGGDSPLYF,TRBV1,TRBJ1-6
CTCSADRGQGGERLFF,TRBV1,TRBJ1-4
CTCSGDRNSPLYF,TRBV1,TRBJ1-6
CTCSGQGEVFF,TRBV1,TRBJ1-1
CAWDWGAGQNTLYF,TRBV31,TRBJ2-4
CAWSSLGGDAEQFF,TRBV31,TRBJ2-1
CAWSSESQNTLYF,TRBV31,TRBJ2-4
CAWSLGAGSDYTF,TRBV31,TRBJ1-2
CAWSLGQDTQYF,TRBV31,TRBJ2-5
CAWSPTGVQDTQYF,TRBV31,TRBJ2-5
CAWSRGRGNTLYF,TRBV31,TRBJ1-3
CAWSRQGNSDYTF,TRBV31,TRBJ1-2
CAWSRGGNSDYTF,TRBV31,TRBJ1-2
CAWSQGQGANTEVFF,TRBV31,TRBJ1-1
CAWSVDSDYTF,TRBV31,TRBJ1-2
CAWKTGGEEQYF,TRBV31,TRBJ2-7
CASSLAALNSDYTF,TRBV3,TRBJ1-2
CASSPDRGDTQYF,TRBV3,TRBJ2-5
CASSRDTYAEQFF,TRBV3,TRBJ2-1
CASSGDRGYAETLYF,TRBV3,TRBJ2-3
CASSIDGKNTLYF,TRBV3,TRBJ2-4
CGARDWGADEQYF,TRBV20,TRBJ2-7
CGAMEQGTYEQYF,TRBV20,TRBJ2-7
CGASRDSYEQYF,TRBV20,TRBJ2-7
CGARLGALSGNTLYF,TRBV20,TRBJ1-3
CGARDRQDTQYF,TRBV20,TRBJ2-5
CGARDRGDSDYTF,TRBV20,TRBJ1-2
CGARDNSAETLYF,TRBV20,TRBJ2-3
CGARELQNTLYF,TRBV20,TRBJ2-4
CASSLGDSPLYF,TRBV15,TRBJ1-6
CASSLDRREVFF,TRBV15,TRBJ1-1
CASRWTGDEQYF,TRBV15,TRBJ2-7
CASRRQVYEQYF,TRBV15,TRBJ2-7
CASSRAAGGYAEQFF,TRBV17,TRBJ2-1
CASSFPG_TNSDYTF,TRBV29,TRBJ1-2
CASSLGTGGTEVFF,TRBV29,TRBJ1-1
CASSLAQGRYAEQFF,TRBV29,TRBJ2-1
CASSSQGRNQAPLF,TRBV29,TRBJ1-5
CASRQGGQNTLYF,TRBV29,TRBJ2-4
CAETSDRLNTLYF,TRBV29,TRBJ1-3
CASSEGQGANTEVFF,TRBV13-3,TRBJ1-1
CASSDQGAEVFF,TRBV13-3,TRBJ1-1
CASRGDWTYAEQFF,TRBV13-3,TRBJ2-1
CASRDGSAETLYF,TRBV13-3,TRBJ2-3
CASNRNTEVFF,TRBV13-3,TRBJ1-1
CASSSVGGQNTLYF,TRBV13-1,TRBJ2-4
CASSRDKEVFF,TRBV13-1,TRBJ1-1
CASSQGANSDYTF,TRBV13-1,TRBJ1-2
CASSAGLGSNTGQLYF,TRBV13-1,TRBJ2-2
CASSDPSQNTLYF,TRBV13-1,TRBJ2-4
CASSDPGRNTLYF,TRBV13-1,TRBJ2-4
CASSDVDSDYTF,TRBV13-1,TRBJ1-2
CASSDAGAETLYF,TRBV13-1,TRBJ2-3
CASSDGLGDSYEQYF,TRBV13-1,TRBJ2-7
CASSDISQNTLYF,TRBV13-1,TRBJ2-4
CASSDSSGNTLYF,TRBV13-1,TRBJ1-3
CASSETVTNERLFF,TRBV13-1,TRBJ1-4
CASSERGGGNTLYF,TRBV13-1,TRBJ1-3
CASSEAGQTNSDYTF,TRBV13-1,TRBJ1-2
CASSTRTGGEDTQYF,TRBV13-1,TRBJ2-5
CASGGRQGGNTEVFF,TRBV13-2,TRBJ1-1
CASGGLGAYEQYF,TRBV13-2,TRBJ2-7
CASGDPQGAGNTLYF,TRBV13-2,TRBJ1-3
CASGDAGNTGQLYF,TRBV13-2,TRBJ2-2
CASGDGEQYF,TRBV13-2,TRBJ2-7
CASGDWGGDTGQLYF,TRBV13-2,TRBJ2-2
CASGDRGEQYF,TRBV13-2,TRBJ2-7
CASGDRGEVFF,TRBV13-2,TRBJ1-1
CASGEGRQALSAETLYF,TRBV13-2,TRBJ2-3
CASSLQGTNTEVFF,TRBV4,TRBJ1-1
CASSWGDNSPLYF,TRBV4,TRBJ1-6
CASSYPANQDTQYF,TRBV4,TRBJ2-5
CASSRDWDSYEQYF,TRBV4,TRBJ2-7
CASSDWGGTETLYF,TRBV14,TRBJ2-3
CASSRDRG_PNTEVFF,TRBV14,TRBJ1-1
CSSEGLGYEQYF,TRBV30,TRBJ2-7
CASSLDGSSYEQYF,TRBV12-2,TRBJ2-7
CASSLSSSSAETLYF,TRBV26,TRBJ2-3
CASSPDSYEQYF,TRBV26,TRBJ2-7
CASSLGGGNTEVFF,TRBV16,TRBJ1-1
CASSRDRNQAPLF,TRBV16,TRBJ1-5
CASSQGGFNERLFF,TRBV5,TRBJ1-4
CASSQDYWDGSLYF,TRBV5,TRBJ2-4
CASSQDAREAEVFF,TRBV5,TRBJ1-1
CASSGTGGDTEVFF,TRBV5,TRBJ1-1
CTCSADSQDTQYF,TRBV1,TRBJ2-5
CTCSAGERLFF,TRBV1,TRBJ1-4
CTCSAEGTGGYEQYF,TRBV1,TRBJ2-7
CAWGTNTEVFF,TRBV31,TRBJ1-1
CAWEQGGAEQFF,TRBV31,TRBJ2-1
CAWSLQGQGTEVFF,TRBV31,TRBJ1-1